1gte_pyry_colised_out_-124.5953_inside_map_.pdb,228.86435373143203
1gte_pyry_colised_out_-124.595_0_0.pdb,228.86435373143203
1gte_pyry_colised_out_-55.0299_20000_2.7549775794e-09.pdb,64.37141306186976
1gte_pyry_colised_out_-55.0304_18000_7.02478e-08.pdb,64.37855993845113
1gte_pyry_colised_out_-55.0313_14000_8.30696e-07.pdb,64.37126069970962
1gte_pyry_colised_out_-55.0368_12000_7.4978e-06.pdb,64.42736482590168
1gte_pyry_colised_out_-55.0644_10000_0.000259143.pdb,64.32990514179987
1gte_pyry_colised_out_-55.0777_8000_0.00036088.pdb,63.85566129002344
1gte_pyry_colised_out_-55.1122_6000_0.00275332.pdb,61.6883863500644
1gte_pyry_colised_out_-55.1674_4000_0.026949.pdb,71.09015556093564
1gte_pyry_colised_out_-57.4562_2000_0.148384.pdb,93.43162989356333
1gte_pyry_colised_out_0.0_incenter_.pdb,237.0596572460776
1gte_pyry_colised_out_0.0_original_structure_.pdb,228.86435373143203
1gte_pyry_colised_out_0.0_reversed_.pdb,228.86435373143203
1gte_pyry_colised_out_0.0_simboxcells_.pdb,237.0596572460776
