1oel_pyry_colised_out_-102.1311_inside_map_.pdb,209.41013499355807
1oel_pyry_colised_out_-102.131_0_0.pdb,209.41013499355807
1oel_pyry_colised_out_-57.5411_20000_3.16286508095e-09.pdb,63.133086925804456
1oel_pyry_colised_out_-57.5415_18000_1.86224e-08.pdb,63.08281494946592
1oel_pyry_colised_out_-57.542_16000_3.09132e-07.pdb,63.08281494946592
1oel_pyry_colised_out_-57.545_14000_1.00864e-06.pdb,63.19271810914109
1oel_pyry_colised_out_-57.5503_12000_7.37873e-06.pdb,63.13755564348851
1oel_pyry_colised_out_-57.5952_10000_0.000202605.pdb,62.85012179249977
1oel_pyry_colised_out_-57.6069_8000_0.000461125.pdb,63.01715143207541
1oel_pyry_colised_out_-57.6892_6000_0.00277267.pdb,65.38405192870358
1oel_pyry_colised_out_-57.8988_4000_0.034573.pdb,66.97927511287834
1oel_pyry_colised_out_-59.7058_2000_0.142278.pdb,104.1289157909892
1oel_pyry_colised_out_0.0_incenter_.pdb,258.52248129026526
1oel_pyry_colised_out_0.0_original_structure_.pdb,209.41013499355807
1oel_pyry_colised_out_0.0_reversed_.pdb,209.41013499355807
1oel_pyry_colised_out_0.0_simboxcells_.pdb,258.52248129026526
